{
 "version": "auto-py-to-exe-configuration_v1",
 "pyinstallerOptions": [
  {
   "optionDest": "noconfirm",
   "value": true
  },
  {
   "optionDest": "filenames",
   "value": "D:/Project/Smart_Parking_Sensor/src/main.py"
  },
  {
   "optionDest": "onefile",
   "value": true
  },
  {
   "optionDest": "console",
   "value": false
  },
  {
   "optionDest": "icon_file",
   "value": "D:/Project/Smart_Parking_Sensor/assets/image/QSV-VN.ico"
  },
  {
   "optionDest": "name",
   "value": "SmartParking"
  },
  {
   "optionDest": "clean_build",
   "value": false
  },
  {
   "optionDest": "strip",
   "value": false
  },
  {
   "optionDest": "noupx",
   "value": false
  },
  {
   "optionDest": "disable_windowed_traceback",
   "value": false
  },
  {
   "optionDest": "uac_admin",
   "value": false
  },
  {
   "optionDest": "uac_uiaccess",
   "value": false
  },
  {
   "optionDest": "argv_emulation",
   "value": false
  },
  {
   "optionDest": "bootloader_ignore_signals",
   "value": false
  },
  {
   "optionDest": "datas",
   "value": "D:/Project/Smart_Parking_Sensor/assets/image;image/"
  },
  {
   "optionDest": "datas",
   "value": "D:/Project/Smart_Parking_Sensor/data;data/"
  },
  {
   "optionDest": "datas",
   "value": "D:/Project/Smart_Parking_Sensor/src/api;api/"
  },
  {
   "optionDest": "datas",
   "value": "D:/Project/Smart_Parking_Sensor/src/camera;camera/"
  },
  {
   "optionDest": "datas",
   "value": "D:/Project/Smart_Parking_Sensor/src/file;file/"
  },
  {
   "optionDest": "datas",
   "value": "D:/Project/Smart_Parking_Sensor/src/gui;gui/"
  },
  {
   "optionDest": "datas",
   "value": "D:/Project/Smart_Parking_Sensor/src/log;log/"
  },
  {
   "optionDest": "datas",
   "value": "D:/Project/Smart_Parking_Sensor/src/sensor;sensor/"
  },
  {
   "optionDest": "datas",
   "value": "D:/Project/Smart_Parking_Sensor/src/utils;utils/"
  },
  {
   "optionDest": "hiddenimports",
   "value": "pymcprotocol"
  },
  {
   "optionDest": "hiddenimports",
   "value": "queue"
  },
  {
   "optionDest": "hiddenimports",
   "value": "PIL"
  },
  {
   "optionDest": "hiddenimports",
   "value": "tkinter"
  },
  {
   "optionDest": "datas",
   "value": "D:/Project/Smart_Parking_Sensor/src/language;language/"
  },
  {
   "optionDest": "hiddenimports",
   "value": "PIL.Image"
  },
  {
   "optionDest": "hiddenimports",
   "value": "cv2"
  },
  {
   "optionDest": "hiddenimports",
   "value": "requests"
  }
 ],
 "nonPyinstallerOptions": {
  "increaseRecursionLimit": true,
  "manualArguments": ""
 }
}